explicit_tags,depth,operation,unit,baseline_ns,rewrite_ns,baseline_over_rewrite,baseline_allocated_bytes,rewrite_allocated_bytes,baseline_min_ns,baseline_max_ns,rewrite_min_ns,rewrite_max_ns
4,3,HasTagExact/hit,call,5.52508,2.910044,1.8986242132421365,0,0,5.018992,10.886748,2.648128,3.542916
4,3,HasTagExact/miss,call,5.989904,2.070692,2.892706399599747,0,0,5.681636,7.645928,1.923108,2.51308
4,3,HasTagExact/mixed,call,5.814072,2.350796,2.4732354487586337,0,0,5.794444,6.773248,2.288504,2.540804
4,3,HasTag/parent-hit,call,6.446032,2.047056,3.1489280215099145,0,0,6.024352,7.392264,1.972264,2.45964
4,3,HasTag/parent-miss,call,7.382692,2.081188,3.5473450740634673,0,0,6.882172,9.235612,1.833892,2.330684
4,3,IsParentOf/hit,call,264.36395,1.1748,225.02889853592097,0,0,255.8621,284.1374,1.17425,3.0166
4,3,IsChildOf/hit,call,6.038776,1.219164,4.953210560679286,0,0,5.470756,9.234812,1.21824,1.523544
4,3,RemoveAdd/existing,pair,105.86576,57.26184,1.8488012260870414,0,0,103.78824,154.44728,51.5704,75.80384
4,3,AddRemove/absent,pair,118.04736,60.54276,1.9498179468527697,0,0,115.04648,123.16032,53.20004,66.70412
4,3,Count/AddRemove-existing,pair,140.98128,29.93088,4.710228366155623,0,0,134.453,253.50432,29.0912,37.58324
4,3,Enumerate/explicit,traversal,19.4524,5.5413,3.510439788497284,0,0,16.3958,22.4099,5.5394,5.5644
4,3,Construct/fill,container,304.90478515625,410.6015625,0.7425806743155051,328,720,287.7890625,437.7177734375,174.01318359375,447.380859375
16,3,HasTagExact/hit,call,7.109036,3.012156,2.3601154787467844,0,0,6.560764,10.863196,2.944772,3.49156
16,3,HasTagExact/miss,call,7.863536,2.101776,3.741376816558948,0,0,7.48296,11.36968,2.006756,2.259016
16,3,HasTagExact/mixed,call,8.826512,2.55234,3.458203844315412,0,0,8.481228,10.742572,2.457236,3.150964
16,3,HasTag/parent-hit,call,7.646048,2.117844,3.6102980200619124,0,0,7.514048,9.040956,2.033232,2.323552
16,3,HasTag/parent-miss,call,9.640224,1.723928,5.592010803235402,0,0,9.148644,13.357168,1.700132,2.157984
16,3,IsParentOf/hit,call,1259.27665,1.17475,1071.9528835922538,0,0,1139.51745,1428.1256,1.17425,1.1843
16,3,IsChildOf/hit,call,6.518864,1.265392,5.151655771492154,0,0,5.588652,8.266304,1.218284,1.54874
16,3,RemoveAdd/existing,pair,294.02924,52.79024,5.569765168713005,0,0,263.94212,382.89208,51.13652,83.68936
16,3,AddRemove/absent,pair,274.87224,51.975,5.288547186147185,0,0,258.78952,388.83024,49.09628,67.8346
16,3,Count/AddRemove-existing,pair,180.56956,34.72736,5.199633948563899,0,0,161.24072,185.41932,31.15192,35.73804
16,3,Enumerate/explicit,traversal,87.7577,18.1024,4.847848904012728,0,0,70.053,121.9986,18.0523,38.7366
16,3,Construct/fill,container,992.185546875,1681.29296875,0.5901324547932093,904,3208,963.05859375,1084.51171875,664.560546875,2277.078125
128,3,HasTagExact/hit,call,11.391716,2.93636,3.8795365690855346,0,0,10.28496,12.5193,2.757528,3.176404
128,3,HasTagExact/miss,call,13.462088,2.183384,6.165698750196941,0,0,11.888068,16.952488,2.034996,2.584268
128,3,HasTagExact/mixed,call,14.257848,2.3405,6.091795770134587,0,0,12.684428,15.610056,2.276004,2.501064
128,3,HasTag/parent-hit,call,13.412896,1.985804,6.754390664939742,0,0,12.652984,20.824468,1.932964,2.185104
128,3,HasTag/parent-miss,call,11.757428,1.892664,6.212105265382552,0,0,11.06414,14.397864,1.713432,2.066204
128,3,IsParentOf/hit,call,1330.7593,1.1858,1122.2459942654748,0,0,1225.96275,1535.2457,1.17425,2.6971
128,3,IsChildOf/hit,call,7.392864,1.36214,5.427389255142644,0,0,6.779616,9.281844,1.21832,1.608472
128,3,RemoveAdd/existing,pair,1465.86132,44.40516,33.01105817432028,0,0,1360.9686,1603.84964,42.15656,50.95388
128,3,AddRemove/absent,pair,1431.4068,57.30788,24.977486516688455,0,0,1383.11812,1613.51308,52.73656,66.85592
128,3,Count/AddRemove-existing,pair,156.56964,31.41952,4.983196433300063,0,0,149.17888,174.59372,31.17152,38.82152
128,3,Enumerate/explicit,traversal,653.052,146.1501,4.468365057567528,0,0,622.7562,700.8513,138.7729,153.9939
128,3,Construct/fill,container,11155.703125,8945.796875,1.2470329117549968,3456,13488,9831.1171875,16494.640625,4484.6796875,10055.9921875
1024,3,HasTagExact/hit,call,23.11894,3.005548,7.692088098410006,0,0,19.528544,27.771856,2.969852,3.377268
1024,3,HasTagExact/miss,call,21.07,2.085712,10.10206586527766,0,0,19.85608,22.510176,2.002188,2.684824
1024,3,HasTagExact/mixed,call,22.108888,2.650488,8.341440519632611,0,0,20.829672,23.546784,2.351036,3.27904
1024,3,HasTag/parent-hit,call,22.79228,2.013488,11.319799273698179,0,0,19.75112,24.628824,1.937572,2.197684
1024,3,HasTag/parent-miss,call,19.956872,1.718236,11.614744423932452,0,0,17.487456,22.059292,1.62818,2.444816
1024,3,IsParentOf/hit,call,1271.2438,1.1748,1082.0938032005447,0,0,1227.76645,1492.0313,1.17425,1.1838
1024,3,IsChildOf/hit,call,8.544848,1.219484,7.006937360391772,0,0,7.671364,9.307964,1.218204,1.607552
1024,3,RemoveAdd/existing,pair,9956.44908,47.08964,211.4360840303727,0,0,9159.97584,10175.96516,46.61012,52.59276
1024,3,AddRemove/absent,pair,10210.42164,58.3094,175.1076437075326,0,0,9609.97164,12710.21016,53.91156,72.11108
1024,3,Count/AddRemove-existing,pair,163.47372,35.09428,4.658130042844589,0,0,145.92316,176.37844,34.89956,38.88844
1024,3,Enumerate/explicit,traversal,5789.7863,1291.9942,4.481278863326166,0,0,5306.8602,6337.6101,1274.5828,1374.6311
1024,3,Construct/fill,container,154364.5546875,45068.1640625,3.425135190185006,25104,106888,139106.625,248319.9765625,38025.875,58000.859375
1,32,Depth/HasTagExact,call,3.659616,2.5805,1.4181809726797134,0,0,3.584264,4.583292,2.475384,2.668996
1,32,Depth/HasAllExact-singleton,call,6.313312,4.510944,1.399554505664446,0,0,5.47228,8.832364,4.374856,4.710964
1,32,Depth/Enumerate-explicit,traversal,5.174628,1.8792,2.7536334610472544,0,0,4.277592,7.1249,1.788988,2.100656
1,32,Depth/RemoveAdd,pair,709.3807,465.3213,1.5244965145588651,0,0,643.1986,906.6622,454.2135,499.53005
1,128,Depth/HasTagExact,call,3.969968,2.581024,1.5381368015175372,0,0,3.606536,5.996752,2.475384,3.417808
1,128,Depth/HasAllExact-singleton,call,6.025516,4.45734,1.351818797758304,0,0,5.571348,14.75412,4.381228,4.617424
1,128,Depth/Enumerate-explicit,traversal,4.618988,1.893144,2.439850323060475,0,0,4.351664,7.571056,1.802168,2.050584
1,128,Depth/RemoveAdd,pair,3281.7304,2116.3406,1.5506626863369724,0,0,3234.71025,3513.8756,2035.6405,2282.39625
