Variant,Id,Operation,Unit,ExplicitTagCount,HierarchyDepth,OverlapPercent,ResultExplicitTagCount,ResultTotalTagCount,BeforeMedianUs,AfterMedianUs,BeforeOverAfter,BeforeMedianBytes,AfterMedianBytes,Samples
after,copy_alternating_disjoint/n1024,CopyAlternating,one public API call,1024,3,0,1024,1057,3.41485107421875,0.95614697265625,3.571470884577536,0.0,0.0,14
after,copy_both_empty/n0,Copy,one public API call,0,0,-1,0,0,0.021604818344116213,0.008136892318725586,2.6551682752881747,0.0,0.0,14
after,copy_count_normalize/depth128/n1,CopyCount,one public API call,1,128,-1,1,128,1.068218978881836,0.5379417724609376,1.985752052671099,0.0,0.0,14
after,copy_count_normalize/n1024,CopyCount,one public API call,1024,3,-1,1024,1057,31.27777001953125,23.3287392578125,1.3407398348394126,0.0,0.0,14
after,copy_reuse/depth128/n2,Copy,one public API call,2,128,-1,2,129,0.42622174072265623,0.09904972839355469,4.303108626700597,0.0,0.0,14
after,copy_reuse/n1024,Copy,one public API call,1024,3,-1,1024,1057,3.437042724609375,0.84942333984375,4.046324798705924,0.0,0.0,14
after,copy_reuse/n128,Copy,one public API call,128,3,-1,128,161,0.5314109344482422,0.11598429870605469,4.581748912368094,0.0,0.0,14
after,copy_reuse/n16,Copy,one public API call,16,3,-1,16,33,0.12710366821289062,0.03911114501953125,3.2498068811183574,0.0,0.0,14
after,copy_reuse_8x_capacity/n1024,Copy,one public API call,1024,3,-1,1024,1057,3.5534755859375,0.950750732421875,3.737547040206457,0.0,0.0,14
after,copy_self/n1024,CopySelf,one public API call,1024,3,-1,1024,1057,0.004529976844787597,0.004792567253112793,0.94520882139846,0.0,0.0,14
after,find_exact_after_copy/1x_capacity/n1024,HasTagExactMixed,one public API call,1024,3,-1,1024,1057,0.005498406887054444,0.00537413215637207,1.0231246138104404,0.0,0.0,14
after,find_exact_after_copy/8x_capacity/n1024,HasTagExactMixed,one public API call,1024,3,-1,1024,1057,0.005349055290222168,0.005540703773498535,0.9654108049968252,0.0,0.0,14
after,intersection_count_left/n1024/overlap50,IntersectionCount,one public API call,1024,3,50,512,545,27.7830048828125,18.3360107421875,1.515215347190507,53568.0,26784.0,14
after,intersection_new/deep_miss_left/n2,Intersection,one public API call,2,128,50,1,3,0.076854248046875,0.083710205078125,0.9180989101047897,288.0,296.0,14
after,intersection_new/deep_miss_right/n2,Intersection,one public API call,2,128,50,1,3,0.071071533203125,0.080314208984375,0.8849185480610517,288.0,296.0,14
after,intersection_new/depth128/n2/overlap50,Intersection,one public API call,2,128,50,1,128,2.36149951171875,0.75578125,3.124580706016126,6240.0,3264.0,14
after,intersection_new/n1024/overlap0,Intersection,one public API call,1024,3,0,0,0,2.2233740234375,3.170916015625,0.7011772032061417,80.0,88.0,14
after,intersection_new/n1024/overlap100,Intersection,one public API call,1024,3,100,1024,1057,50.5653818359375,7.16790234375,7.054418351559661,106888.0,53408.0,14
after,intersection_new/n1024/overlap50,Intersection,one public API call,1024,3,50,512,545,28.10480859375,18.5355693359375,1.5162635732617762,53568.0,26784.0,14
after,intersection_new/n128/overlap50,Intersection,one public API call,128,3,50,64,97,3.220055419921875,2.5574736328125,1.2590766835710137,6760.0,3488.0,14
after,intersection_new/n16/overlap50,Intersection,one public API call,16,3,50,8,17,0.47510089111328124,0.37836126708984374,1.2556805689110513,1536.0,960.0,14
after,intersection_new_both_empty/n0,Intersection,one public API call,0,0,-1,0,0,0.02848382568359375,0.03545173645019531,0.8034536114644062,80.0,88.0,14
after,intersection_new_empty_right/n1024,Intersection,one public API call,1024,3,-1,0,0,0.02715324401855469,0.03245832824707031,0.8365570713274655,80.0,88.0,14
after,intersection_new_same_instance/n1024,Intersection,one public API call,1024,3,100,1024,1057,49.634435546875,3.2227236328125,15.401393728434163,106888.0,53408.0,14
after,intersection_reuse/depth128/n2/overlap50,IntersectionReuse,one public API call,2,128,50,1,128,1.0792841796875,0.538422119140625,2.004531651504482,0.0,0.0,14
after,intersection_reuse/n1024/overlap0,IntersectionReuse,one public API call,1024,3,0,0,0,2.291328125,2.913888671875,0.7863471748649886,0.0,0.0,14
after,intersection_reuse/n1024/overlap100,IntersectionReuse,one public API call,1024,3,100,1024,1057,32.382306640625,4.825130859375,6.711176874655682,0.0,0.0,14
after,intersection_reuse/n1024/overlap50,IntersectionReuse,one public API call,1024,3,50,512,545,17.4678837890625,17.2733232421875,1.0112636430261326,0.0,0.0,14
after,intersection_reuse/n128/overlap50,IntersectionReuse,one public API call,128,3,50,64,97,2.106060546875,2.157840087890625,0.9760039952421861,0.0,0.0,14
after,intersection_reuse/n16/overlap50,IntersectionReuse,one public API call,16,3,50,8,17,0.312755126953125,0.28628271484375,1.0924694741833203,0.0,0.0,14
after,remove_add_after_copy/1x_capacity/n1024,RemoveAddAfterCopy,one RemoveTag + AddTag pair,1024,3,-1,1024,1057,0.053696044921875,0.05030201721191406,1.067472994088139,0.0,0.0,14
after,remove_add_after_copy/8x_capacity/n1024,RemoveAddAfterCopy,one RemoveTag + AddTag pair,1024,3,-1,1024,1057,0.05036360168457031,0.05184892272949219,0.9713529044244344,0.0,0.0,14
after,union_count_left/n1024/overlap50,UnionCount,one public API call,1024,3,50,1536,1569,79.9749423828125,14.341419921875,5.57650098933555,115104.0,61624.0,14
after,union_new/depth128/n2/overlap50,Union,one public API call,2,128,50,3,130,1.179978271484375,1.269268310546875,0.9296523529969573,7320.0,6336.0,14
after,union_new/n1024/overlap0,Union,one public API call,1024,3,0,2048,2081,52.543208984375,31.314455078125,1.6779218687755337,155848.0,159976.0,14
after,union_new/n1024/overlap100,Union,one public API call,1024,3,100,1024,1057,14.1868896484375,6.7905849609375,2.0891999334441542,57496.0,53408.0,14
after,union_new/n1024/overlap50,Union,one public API call,1024,3,50,1536,1569,26.516044921875,16.12335546875,1.6445736108261042,57496.0,61624.0,14
after,union_new/n128/overlap50,Union,one public API call,128,3,50,192,225,4.070596435546875,2.689916015625,1.5132801217219694,7320.0,7864.0,14
after,union_new/n16/overlap50,Union,one public API call,16,3,50,24,41,0.5373572387695312,0.473093994140625,1.135836103237033,1944.0,1912.0,14
after,union_new_both_empty/n0,Union,one public API call,0,0,-1,0,0,0.04930792236328125,0.03425471496582031,1.4394492090353452,80.0,88.0,14
after,union_new_empty_left/n1024,Union,one public API call,1024,3,-1,1024,1057,49.8221396484375,7.8543291015625,6.343271208043236,106888.0,53408.0,14
after,union_new_empty_right/n1024,Union,one public API call,1024,3,-1,1024,1057,4.865796875,6.09414453125,0.7984380498442089,57496.0,53408.0,14
after,union_new_same_instance/n1024,Union,one public API call,1024,3,100,1024,1057,13.84175,3.3314228515625,4.1549063618591555,57496.0,53408.0,14
